user_id,purchase_id,product_id,quantity,price,purchase_date
U0001,2cbeaab7-67f4-4e10-9a48-ddf580c8807a,55900,1,1847,06-09-2025
U0001,c34d4130-c84b-44ae-96f5-a03b3f9fb44a,32265,1,1329,23-10-2025
U0001,73ad7598-54f3-450f-9d2b-6ed1df7614b6,26174,1,3465,05-07-2025
U0001,45a73df0-113a-45cd-86cc-bb64525d26aa,47262,1,2208,20-03-2025
U0001,da40e12d-250b-4b89-a207-af9abc900ada,57753,1,1634,14-06-2025
U0001,b825c6aa-e7bb-48a2-87fd-74f864d30149,13400,2,2389,03-10-2025
U0001,42322ce1-d8a9-428f-b5a5-eaff751127ef,49562,1,405,10-08-2025
U0002,d387173a-23bf-45ef-9eb1-bddfd833be10,17901,2,1600,28-01-2025
U0002,d6b51185-ed0a-436b-8d14-a6bd17352509,20715,1,2039,25-01-2025
U0002,668fe14d-2feb-45f8-9708-1c8bd73743a2,6801,1,3402,17-05-2025
U0002,1b33e329-d67c-4d8f-bc9a-3f5c029b0cc8,17456,3,1714,23-08-2025
U0003,9e2892de-a65a-4fde-8934-a422963b5fa3,28425,1,1881,21-01-2025
U0003,26ecbab9-da5e-4a8b-a20c-046e86028801,39029,3,1977,02-07-2025
U0003,323a069f-47fb-4606-bf88-d75c04939155,2360,2,696,10-04-2025
U0004,022c63d5-fd32-4645-8615-96d757d5e7cc,17925,2,1152,20-08-2025
U0004,9c5a13a3-389c-4bf3-a0dd-28c4702c3132,14765,3,1537,13-10-2025
U0004,57e8b50d-8bc7-4696-8356-2d3f536b530c,54501,3,337,23-01-2025
U0005,57f02f72-ccd5-48e3-8f2a-a1dfce524969,8190,3,2329,23-01-2025
U0005,28b4837f-9345-4eab-84e6-5b76161dd8c1,13426,3,946,11-05-2025
U0005,d26823c1-9c08-4ea4-8a3e-9a84877743a4,34818,1,3450,13-09-2025
U0005,7bd77bbf-db9c-4d10-b2fe-ab21d498770a,59873,2,1490,17-11-2025
U0006,9e3f6ae0-b2f3-47a6-a835-d82a9674f464,57895,2,1966,07-08-2025
U0006,155a843b-6572-423a-8736-bae4e6615f9e,47204,1,3118,26-07-2025
U0006,6ceb1aa2-9d72-4c3f-a23d-3b93934460b2,32863,3,1054,17-12-2024
U0006,1b10473d-179b-405d-83c9-4335238465f1,3798,2,1825,29-03-2025
U0007,aad84cc4-a542-4a11-9cfc-c9ccd0dbacda,26809,1,1539,30-04-2025
U0007,c0ac6b4c-08ab-4ce3-ab13-f131d2e9d2f1,18354,1,1716,31-07-2025
U0007,245ca510-f1cc-49a8-9a85-d74513a63543,40039,2,1773,13-10-2025
U0007,9d39bd50-7354-457c-82ab-d52dded2daed,26083,3,1784,24-02-2025
U0007,0f1bf5f8-91cb-46d7-820e-c21b4179f258,56465,2,1524,08-09-2025
U0007,4fef8ee5-b789-4f26-8f31-764d11e9b3ef,34761,3,1624,29-07-2025
U0008,98d1b1c4-0078-4021-894f-0bb1fd6214ff,15321,3,1854,24-05-2025
U0008,baa0d23e-46ad-4c25-ade5-652430973ec9,50991,3,2295,09-05-2025
U0009,7482efbb-6656-472c-820a-e10140491244,28773,3,872,24-09-2025
U0009,afce5cfa-ca2d-4db0-8e6c-8c1d6e0d2168,18317,1,1569,07-01-2025
U0009,591abc4c-11ca-48fb-9a4b-d623895ee062,23716,3,1786,08-05-2025
U0009,8f4a1fed-5793-4389-95a3-f2e290dcdd2c,1942,2,1901,23-10-2025
U0009,6e50342a-2c6e-4c61-ac17-ef48210a1975,54983,2,1596,17-01-2025
U0009,3a583442-61bb-4110-b8b1-f4bdd633f5cb,57652,2,880,14-11-2025
U0009,cff9801c-decf-4d6f-b885-49141fb8fcb8,11135,1,970,29-05-2025
U0010,a4e8bb05-ccf8-4559-ac62-7a5b3f44ac23,2931,3,2321,03-02-2025
U0010,2562b5c8-a749-48b1-a5c0-5475d6ac2c7e,8481,3,1102,08-10-2025
U0010,11113045-80b0-43d3-ae49-be2d9dfb93d3,16890,1,1551,08-01-2025
U0010,b429348b-6713-4005-a37f-9d92b63eca8d,57669,2,924,27-12-2024
U0010,075cbdb9-0829-4a1d-a3a5-f8a60c6fd8d8,36653,3,531,20-03-2025
U0010,b71335cd-ad38-4732-b3c8-0d451e1237dc,17484,3,1670,08-06-2025
U0011,0f3b0619-67e9-40b7-a809-533e5662813e,23735,1,610,05-07-2025
U0011,b66dcc8f-d23e-4c42-87c6-881701008dba,44447,1,2474,15-12-2024
U0011,68817aef-9625-4639-9a35-47e6d42036d3,54983,2,1596,04-06-2025
U0011,421ce016-75f8-42ed-940c-8354bdc835b0,35045,3,1637,13-05-2025
U0011,a8e9816c-659f-4f02-bc96-816f9798c941,47262,2,2208,27-10-2025
U0011,46832565-08fa-4a0c-8298-aac19b80cb4f,3406,2,1656,13-08-2025
U0011,37c932e2-2ed6-4e14-bf22-3490eef320a6,10773,2,1883,26-12-2024
U0011,4bcbec38-f4a5-4105-b218-97515ac9e426,27734,2,881,08-10-2025
U0011,ce6ff9c9-a976-46cf-995d-3dba16cbf5cc,16312,2,1141,29-07-2025
U0011,b87c4087-fd59-432e-a8bd-95be38ff563d,51555,2,635,23-02-2025
U0012,ce20916a-1033-43a4-814b-7e6f9ccbfdc7,2878,3,2316,04-06-2025
U0012,feacfb9d-acd5-48a1-a502-7742a7e561bf,25890,3,1247,24-07-2025
U0012,8d6b60ad-ea0f-4ac0-a834-da461ca04fb7,23033,3,1713,17-03-2025
U0012,3555d422-310c-4374-a126-cb66666ace80,32379,2,1903,02-07-2025
U0013,fa7e743e-2926-415a-bfbb-72dfcda1db36,33068,2,896,06-09-2025
U0013,cdb777e1-00ca-45e1-8f89-7990072f159c,48810,3,1684,25-12-2024
U0013,49ff2aee-a9c9-43d9-a7d5-799c50c0e7dc,6259,1,2409,04-11-2025
U0014,e0725cc5-9f9f-4dc9-acc3-a4e6486c7210,29049,3,2004,29-09-2025
U0014,431c0082-5b4d-4a80-b639-df55205d31ff,29257,2,2921,08-05-2025
U0014,e1e2717c-a772-4aa6-863b-ba30f6c75865,28880,2,1052,15-11-2025
U0014,7462d783-22c2-4643-95bf-c48c2dc81157,57860,1,987,23-04-2025
U0014,3b5b3f91-c399-40c8-bbc5-656537c44dff,53698,3,1154,16-05-2025
U0014,468aaffc-e43b-4d82-a2c3-2e9b20d346db,17115,3,467,24-05-2025
U0014,edda781a-4094-49cc-ad44-e3dcdba62ba1,26912,2,1210,21-10-2025
U0014,fb62fae8-f2d1-4ee6-bb72-93e818e6dde8,14140,3,672,05-10-2025
U0014,90e6ad82-df02-4586-b822-5f7d31abfaa0,10037,3,1797,10-11-2025
U0015,fb9a9119-75cf-442d-a4a6-ed57dc32a464,19508,1,1204,04-06-2025
U0015,70b1e26f-bb00-413d-b05f-94e59256ef7c,52257,3,1347,17-11-2025
U0015,ebd3d1db-2a98-4dd4-a8c2-51086cfaaa1d,3350,3,2487,08-09-2025
U0015,708928a1-5b46-4f99-994b-6f3bd2f1fef7,51729,1,697,01-11-2025
U0015,c7135280-5a8d-4e86-95b1-3213f0b921ce,8436,2,2215,23-03-2025
U0016,a006fe9f-9e86-4e6e-a5db-4b41fb329fc0,53679,1,714,28-04-2025
U0016,18e7966b-8aa1-4ec4-9141-f6f60410213e,54124,3,2829,12-10-2025
U0017,403fe63d-fdf4-474d-ae5b-86788f2fcbe5,19959,2,1213,08-06-2025
U0017,ec069f1d-5fae-455d-82c2-23b5c25c94cd,32951,1,3070,10-10-2025
U0017,b37902aa-3f89-4db4-be42-3fe9ca8d2966,5392,2,3420,16-07-2025
U0017,91af1cf1-b82d-4b10-a4d2-a089787de406,36221,3,2394,28-04-2025
U0017,da7a198d-bc71-4dfd-aea8-1fe402f39337,45098,2,986,10-08-2025
U0017,27926a64-6bf7-42f4-aa4b-5d6a43ea482d,20502,2,1539,09-08-2025
U0017,d8d555ca-8fce-4a06-b763-6a3f211916fa,15856,1,1587,16-07-2025
U0017,23a5b972-4843-4f34-9acc-e8c3119fbf89,23550,2,1232,30-09-2025
U0017,0cdfa03e-4347-4d57-a31e-ed37111ab872,39645,1,1883,05-08-2025
U0017,db6d535d-3966-45cf-9edb-da6e80c2646a,48103,1,2475,10-01-2025
U0018,33c6d4e7-a20a-4bda-816e-705b2b51033f,3273,3,888,10-08-2025
U0018,cf640aee-05d9-414f-b780-548c7088886f,3700,1,1338,13-12-2024
U0018,74901545-7990-4810-ad24-af087ebeb60a,28733,3,2001,24-02-2025
U0018,9bd9f12a-641f-46fd-ae3a-e78627d30450,24779,3,1319,26-09-2025
U0018,27940305-9483-403f-905f-29452bc0631e,22978,3,3464,11-12-2024
U0018,4e4320bf-6363-4d74-b653-d72a1f983407,33069,1,1741,13-12-2024
U0018,e4e90501-7029-4e7d-bd9d-0a7d98440d52,8309,2,1212,17-04-2025
U0018,c0b32a85-a523-4fcb-b9f8-1687098324db,54897,3,1570,26-01-2025
U0018,d3521ff3-23e2-4f61-a437-8c29b4313359,2544,3,2408,28-01-2025
U0019,43a4d113-2121-4797-b96e-1b611cd32c5e,35016,2,1030,28-02-2025
U0019,a6ff6b9f-248d-4c58-8bb2-158c8415d29f,18259,1,1062,29-09-2025
U0019,e33e3284-ce43-458a-93ed-ce3a6e6d3466,57605,2,1587,15-03-2025
U0020,42851b73-5abb-4da6-b9c1-4fbb565820bb,13237,2,1884,24-08-2025
U0020,0ba1acaa-5036-45bc-a345-76483efd3dd2,2361,2,1528,11-04-2025
U0020,728614b7-8eb6-4c05-981a-8e1a9fb9ceb0,10636,3,3410,05-07-2025
U0020,1104e37d-f93b-4b1e-afb3-6ff773f8b0a5,21171,1,1376,28-03-2025
U0020,e6aad4fc-6685-4414-9e45-be00ec78be37,35471,2,1736,20-09-2025
U0020,8d19170f-3b49-43e8-8bf0-49474b061b16,32294,1,941,16-10-2025
U0020,52838836-5686-46a1-91ec-78cff73bb61a,57933,1,1815,27-03-2025
U0020,62010431-a8c6-4cd3-acdb-f25cde7a2a0c,10995,1,1735,06-07-2025
U0020,56c169e0-e5a6-4a33-aa05-89609cb7a584,17793,1,1332,14-07-2025
U0020,a4b3ae54-7115-4de4-ad85-3498d1d0fb36,15034,2,1487,16-10-2025
U0021,68957321-1e90-486d-8a03-3333955270ae,4370,2,1688,17-02-2025
U0021,344047a2-05b4-4d43-a293-076ca879e326,51163,2,811,14-07-2025
U0021,d2afe876-273f-4bda-9fcc-20f2e2c814bc,20959,2,1688,30-08-2025
U0021,48d2634b-40a8-4595-b70a-6f0e79bd9ced,47814,2,972,23-07-2025
U0021,74cbe0e2-a926-4557-99e7-7f75df0709a1,23332,1,1088,09-12-2024
U0022,7d15d0bc-b43d-409f-b04e-690b4b9f4de2,11157,3,542,04-12-2024
U0022,ad628d21-d15a-44f7-97ae-1b453c7d4599,58319,2,1416,03-04-2025
U0022,d5951bad-bbde-438d-a0fe-7046be7f4d19,39480,1,1605,16-01-2025
U0022,65430d80-9851-47d8-9bd8-d9c5e7716b96,26329,3,1608,11-08-2025
U0023,a0c268be-1abc-40b1-9ab7-65742c4728f3,21034,1,1584,20-12-2024
U0023,0252bb59-57e8-45c1-931e-be424288e0b9,5366,3,3175,09-11-2025
U0024,8c3f6267-277a-40df-8da6-68dc9f24035f,29169,1,1150,22-11-2025
U0024,c8146f74-e72f-4024-bead-8b1d9f7b2e75,28546,3,1961,30-10-2025
U0024,fcf2ae64-02c5-4b72-a7d4-22d0aa15bba7,55395,1,904,22-01-2025
U0025,d4585bc9-0aba-44a6-bf4a-15e10515d2f9,58718,1,1952,17-02-2025
U0025,9ccf6dad-6d8f-444e-bc38-3015fb9f83bb,41878,3,2642,10-09-2025
U0025,7ccdfb63-2a10-4c52-8ca5-07e3625978ca,37190,1,1661,05-03-2025
U0025,f78ad537-3923-459d-97c7-72114e0eb279,5679,1,2893,09-10-2025
U0025,1fa37c6d-2880-4f73-8093-29eeca2b4460,27505,1,1262,20-03-2025
U0025,728cecea-01e3-4b25-8c65-db3e52bbbf4e,3614,2,1327,17-06-2025
U0025,8973b4d8-0244-4f75-b735-ddadea9d2da7,29320,2,946,02-07-2025
U0025,763645f5-ae5f-43b8-90ed-e7e003bfed34,18003,2,2354,13-05-2025
U0025,bef8f396-6e66-402b-8c59-5af5eecf8354,58458,1,1475,09-08-2025
U0026,f3aeea95-9eb1-416a-928a-368216845136,56288,1,2410,17-12-2024
U0026,1b122054-39ad-4662-960e-9f2850785b28,47663,2,1796,17-03-2025
U0026,35ff6c07-36b1-40ec-a99a-c03e22cda304,3415,1,1148,03-06-2025
U0026,f53aa2bb-651c-403a-a5db-145ce437d571,4831,1,1294,24-08-2025
U0026,30286362-ca44-4a7c-8674-b8dfaaeb6660,33106,3,1777,10-01-2025
U0026,2b8201c5-6abb-4746-845e-e9a71427ba40,21887,3,1721,08-04-2025
U0026,b7f896f2-62e4-49ce-bf01-1c59048b993f,2133,1,866,07-10-2025
U0027,83c83601-a49c-4963-bee5-f051f4d23065,45419,3,2585,18-10-2025
U0027,d6c08e95-ab0e-4094-b994-005c63da49da,56895,2,2930,01-05-2025
U0027,e94e9986-4da9-4f75-ac1e-2b0b73131a2c,35532,2,1639,30-08-2025
U0027,a2c84533-b30f-4ee8-a131-0dfa0dfabd8e,37788,3,2307,18-05-2025
U0027,4467003a-8af2-401d-8ad5-7a88073258d2,58827,3,1934,22-09-2025
U0027,9eea2e39-7cc8-4167-b484-a7747321ce9d,8123,2,1185,26-12-2024
U0027,52d72b22-2ebc-4fcd-bf05-8a23e158e1a9,19042,1,1649,24-09-2025
U0027,eb8803e9-11ad-40d3-9e5f-713c69380627,44539,3,2781,10-06-2025
U0028,496c444a-c050-4df6-8610-dec0209fcd38,41404,3,1552,06-02-2025
U0028,2ea8015b-b9cc-452e-a7c0-7c984b914a49,33957,2,1149,18-12-2024
U0028,f20f0a21-a122-4264-bfd3-1d2fc695b6ef,6756,3,3326,25-09-2025
U0028,262c78cd-13ca-4e81-ae70-b25187922ae1,2213,3,2612,25-08-2025
U0028,acfcb022-802d-4eec-857b-68c4c9661e3b,55936,1,948,28-02-2025
U0028,bacdc058-3704-4bec-8fa8-7a659d64453b,51030,3,1665,29-10-2025
U0029,90dd3a03-4704-44cb-acae-0b14f87f3099,51897,2,1081,06-10-2025
U0029,452609b6-8724-40c6-8228-3292754dc29b,35044,3,1858,11-09-2025
U0029,c0caa14f-066f-4c39-bc08-b6ed5246fbb5,36331,1,1641,02-08-2025
U0029,fc0f10a3-8e57-4f84-bf48-c3c3bce22968,20502,1,1539,11-11-2025
U0029,7b54216e-e937-4da4-8e7f-f91f4e8c1763,2622,3,1394,09-04-2025
U0029,c175d96c-110b-4684-a97a-273483d277d7,41738,2,2168,04-12-2024
U0029,29a9f209-9d91-45be-80a8-11ccf59f7c3e,9764,1,1355,03-08-2025
U0029,40895fdd-ae13-4216-a8ce-0d3b912551cf,8011,3,1303,06-07-2025
U0029,f0a364bd-644c-40fe-9294-4eb2c1d3d7fd,45012,3,668,29-01-2025
U0029,8b290a9c-3022-4456-b9e1-40b560147f47,48741,1,684,24-09-2025
U0030,40256386-f06f-4616-a2b8-147e9f7a4003,6525,1,1284,05-02-2025
U0030,bae4bdee-4792-4798-82b7-93e1ac0ca2f1,54879,1,1360,21-04-2025
U0030,27101837-b3bf-4259-8ced-e945620820ba,11719,2,1816,06-11-2025
U0030,a09ebdcf-fa3c-4b24-8ab1-406d16658460,14064,2,2055,04-09-2025
U0030,59ad845a-39b5-4285-9e84-742bb49188d1,18568,3,2162,04-11-2025
U0030,af493906-c626-4742-b769-c7861ab22d2a,20271,2,3434,26-01-2025
U0030,b1d94dd6-dcbe-49a5-bea9-5020d05a8c76,49713,2,1256,28-12-2024
U0030,49b1d638-8002-4ade-852f-4e88f9b5f593,12289,2,1489,11-03-2025
U0030,eaf9b21c-9830-4df2-9006-14dac1381b58,37567,3,2020,17-10-2025
U0031,7e356915-1968-482b-9b00-479386142b9c,22930,2,1239,23-12-2024
U0031,54e43dae-2109-4897-9c29-68f49b3b01cb,15113,3,1922,30-11-2025
U0031,58122d0c-4df4-4635-befb-ad815c49d570,44686,3,1788,15-06-2025
U0031,f4d9becf-b51c-4527-8596-d8e3b8373a56,36712,3,1484,01-06-2025
U0031,64390a8e-b5a2-4112-9394-058c51e919cd,6716,3,980,04-10-2025
U0031,81bc8d91-14d1-4869-a017-901a9566df27,51919,2,1177,08-07-2025
U0032,3beaf90a-b828-4011-b042-d1862c6e7a01,40036,2,2148,15-11-2025
U0032,2f46069e-8332-47bd-b0d2-2d565049ecd6,56023,2,674,12-12-2024
U0032,a3c92d0f-7011-440f-8cb0-8d2efeac7b71,9943,1,2435,24-12-2024
U0032,3256f772-4870-41cc-bc22-c4b1e9c6b597,19306,3,1290,22-10-2025
U0032,ccb57a52-4d87-44ed-9f69-3fb38c1e3ff4,56412,2,2162,25-09-2025
U0032,798ebd42-0256-46a3-9dfb-450de32758cf,59265,2,1504,26-12-2024
U0033,7d06b93d-2cc3-4aa9-999a-82e759ee819d,23957,3,1192,18-12-2024
U0033,fd7c4ad1-b9e1-48e4-9b8c-b202b03f0209,56769,3,2276,25-02-2025
U0033,89d6464e-c745-4c98-9326-517a92267647,39001,3,1092,11-12-2024
U0033,67a1a8b6-37a7-4d60-bab8-fbf903e499b6,11674,1,1154,28-12-2024
U0033,efb10e5f-7402-495a-a70b-6884cef59c29,15303,1,3480,19-02-2025
U0033,9ee61fa4-569f-4da5-96dc-8504a62cabe5,52523,3,2452,20-11-2025
U0034,99cdcb89-68b3-46a5-a6b0-5199e6323fb3,8505,2,1563,27-04-2025
U0034,efadecb2-8bdf-474b-a313-8cae080a25a5,59250,2,1803,04-09-2025
U0034,565d9f89-18a1-4faa-afb0-1c198ad56510,21319,1,1377,02-07-2025
U0034,94e1e802-81bd-48d2-a277-57b258112141,25818,2,1967,22-05-2025
U0034,cfede328-b892-4a18-b341-04327e821953,25238,3,1992,12-02-2025
U0034,615fcb4c-c57f-4999-880d-811779a16f82,7451,3,1002,13-09-2025
U0034,1cb8ae03-b019-4336-864d-c5572f9a660b,8332,1,1675,08-08-2025
U0035,46f79a04-be48-497a-87c8-f7ef6af5e5d0,36283,1,2073,11-12-2024
U0035,ed2020b0-1ab1-4b1b-b61c-9505db91344d,36244,2,1121,12-08-2025
U0035,45e35f0e-34ba-4a12-9b01-0bca21dd3856,53877,2,2537,29-05-2025
U0035,87eebae4-b477-4adf-983a-06980b17005c,19278,1,1688,17-01-2025
U0035,04c4418b-1b0d-4ea8-a49f-42dd5ffd31b4,46175,3,1901,30-05-2025
U0035,fa53ab33-cd07-4766-8526-9ea5f2d30f0a,35445,2,1490,19-03-2025
U0035,6adcbd51-1b30-4bec-beed-77b31d5bb22b,15598,2,1211,03-06-2025
U0035,07fb5575-06ff-4b7e-844b-9f5dabaf1e19,49118,3,1770,19-08-2025
U0035,2e9bbd95-25d8-4e14-8432-ecadb829e02d,50384,1,2159,17-02-2025
U0036,ebaea23b-635d-4b2e-8fb7-cf0fb80cdea2,48258,3,907,13-07-2025
U0036,38a56bfe-c99a-40eb-b494-93201971c918,56174,1,522,22-07-2025
U0036,6cdf27c7-05ef-4b44-b10f-ac28bb9db4fc,50552,2,1812,18-10-2025
U0036,4eb11e38-0867-4ffe-812e-5f29244e0c8b,12065,1,1867,02-01-2025
U0036,598503c4-5e7a-4558-acfa-84e2b672c3b7,18583,3,581,09-05-2025
U0036,d44caedc-daae-4932-99d5-7b467a783098,8185,2,1248,23-08-2025
U0036,1d638fa3-a8db-4247-9768-8d70a4a048f4,57383,3,864,09-03-2025
U0036,dd418536-5d13-46db-b255-967fc30b32e3,9707,1,2075,29-08-2025
U0036,f9ad3643-0fbb-4d61-883d-221f95528c82,51890,2,843,04-11-2025
U0036,8bce2857-939c-4f3a-8b5e-56abda63133c,34852,1,3440,19-06-2025
U0037,ca65a301-cb4c-4033-b3d4-3bca9fe7a908,14551,3,1965,19-10-2025
U0037,85e9bcba-dcf1-4a1b-a932-d6be50c991fc,12641,2,1009,18-02-2025
U0038,8c21e60c-6e14-412b-ac47-deb379affd43,57048,2,1080,15-12-2024
U0038,948f5f7a-3a4c-4162-88cb-413e9a2c5afb,40373,3,1212,06-04-2025
U0038,a84afef0-453d-4f96-a505-4b9f694213da,59073,2,1779,11-03-2025
U0038,8d49501f-66ad-40bd-87a1-4357e32b52b4,56561,1,1606,07-04-2025
U0038,0013d162-324d-42c2-ad78-2337cf216bf8,51008,3,1740,08-12-2024
U0038,4615abd9-f57e-44af-803f-5b2d396ae867,54068,2,2139,30-09-2025
U0038,605072f2-c75c-4eb7-a206-b6f4f5750dad,48745,2,1655,25-06-2025
U0038,eb9c3c6d-79a8-4064-bc85-998b1ff1342d,3834,1,1883,20-12-2024
U0039,1dd148af-6186-40c8-9f92-ef715bfce560,14875,3,1305,30-07-2025
U0039,52163799-cceb-4c67-aa0f-2521539c7d1d,38489,2,1673,05-07-2025
U0039,3f897ae7-9fb9-4c23-8b6b-943208fb9552,49242,2,1354,16-02-2025
U0039,8f17c0f9-815f-40e0-9e36-4e2989192552,2557,2,1100,31-08-2025
U0039,787b9fa3-85a2-4d6a-9e49-b3bc865b7050,16039,1,1539,02-08-2025
U0039,b208b7b6-1996-49bf-addb-f604202afc72,25839,1,2350,08-09-2025
U0039,01a5587c-2d86-40f7-b52a-a4ce96aeb4d2,26332,2,936,21-06-2025
U0039,356b02d5-41f6-4b88-bb2c-7dcfe9b56880,11764,3,903,30-11-2024
U0040,96b4a544-0e83-4d74-8691-82c9230769e0,51636,2,1387,31-03-2025
U0040,f4057c31-a11c-450d-b123-2568c4f7c89e,23853,1,2696,05-10-2025
U0041,7fe038ae-5067-4fd2-91f9-d49f6f506596,51058,1,1338,10-01-2025
U0041,2497d2b1-2ae9-4809-86b3-78ac2cfdbe52,51887,3,983,03-01-2025
U0041,59c9b8f7-543f-48f6-ab64-78db2572290f,34811,2,1567,28-07-2025
U0042,7368ab08-f5a5-4f48-8569-1a008cb98ca8,7170,1,1740,05-08-2025
U0042,bfb6380e-ff37-4edb-bf6a-8974752c2fb9,30838,2,1734,28-07-2025
U0042,a9649db6-1930-4ea6-b102-85ffa9aa2b02,42409,2,2255,08-02-2025
U0042,4127be17-a555-4e4a-8ac0-f885c65b76c0,7818,1,1089,01-09-2025
U0042,6dc13840-13a7-47a5-9c11-5b3a84ef1c6a,12068,1,1296,23-03-2025
U0042,15cade7f-9fef-4b75-9849-c9506d953cfd,24202,2,1656,19-08-2025
U0042,45e566a5-2405-433c-bea4-6d530b4f1830,58078,1,1659,06-01-2025
U0042,562c78d2-230d-476a-ba9f-6cb295f8ee11,58695,1,2080,11-07-2025
U0043,d7f5f0e7-7a27-4894-9b44-c6f05c73c5ed,55574,2,1798,21-10-2025
U0043,04e3ccfe-786f-4cdb-af19-8f4172e2c23a,57995,2,2094,11-10-2025
U0043,a443b18b-938b-43a2-873e-e127cd4ec471,29064,2,1660,21-10-2025
U0043,a4cb7463-ec46-4fac-b06e-93e37f63c39a,19705,2,1872,14-07-2025
U0043,0d3f078b-0920-4b19-b85f-3beaebacacb5,2160,1,910,03-06-2025
U0043,a103c53f-1037-4e82-be8d-b036c60c70b5,49235,3,1818,16-02-2025
U0044,91eae451-1558-4ee5-b2cd-f53639840cc0,59315,2,3033,11-02-2025
U0044,7c45deb1-4fc3-4625-93f7-7f7df505bcb6,8468,1,2225,22-08-2025
U0045,75135959-c2af-42ce-b8af-7d3167d44c99,13972,3,2842,14-04-2025
U0045,9b89df25-fd25-401b-b9e6-57b79d724c81,14851,1,1323,29-06-2025
U0045,9e301bda-93ac-4450-9f97-a6eb302e6793,29913,2,631,01-03-2025
U0045,a25ec6e5-730a-4b26-a0c4-5da4d09a9c47,40941,2,2166,09-05-2025
U0045,8768c0b7-b7c2-47b0-a4eb-250caf3c991a,26670,1,1294,03-04-2025
U0046,3f70dd6f-db1d-4178-8008-1d46399c6811,25570,2,2555,14-07-2025
U0046,fddda138-eba9-4885-992f-5aadadbaa670,38469,1,1621,12-04-2025
U0046,1f93d11a-5144-43a6-8c82-022972f6438d,39016,3,333,04-08-2025
U0046,d0652928-62fe-4b10-bd16-3cf124ed2da4,32456,2,1065,13-12-2024
U0046,dcf9c3d1-dc14-48ce-bffa-861fb02cbd9d,11514,1,3179,29-07-2025
U0047,0a78fc67-0c5f-4403-a8f8-8a84498ab21c,42059,2,336,22-07-2025
U0047,b25a0ddc-ee28-4633-877b-1c5b2237cf99,4550,1,1387,15-08-2025
U0047,4cc4592c-be56-4b7b-a9db-42fecbe72cbc,6176,2,2478,20-12-2024
U0047,dc80af21-044a-40bc-8887-680e441381e9,57101,2,2317,05-08-2025
U0047,a2b8dc02-375d-482a-9485-e0bd5a1d7f74,39894,2,1266,04-06-2025
U0047,c4f6b9f7-2a32-48ff-ae71-d20c8661fc2a,53226,2,1197,13-11-2025
U0048,e125b4ce-217c-4463-ad1b-b5fa4e9fa9db,36402,2,818,03-12-2024
U0048,2d39d964-e36c-43c1-93ed-2505b4b38f6f,20582,2,1354,14-11-2025
U0048,6c4f5c06-8d4b-4552-964d-3586d305ed74,12794,1,1466,01-10-2025
U0048,752eb075-ecf2-42c0-abce-3ff937ed9d3d,53489,1,903,02-05-2025
U0048,24798eec-2e0f-4952-b047-7219aeae98b6,9074,1,1361,03-05-2025
U0049,af95f031-d54d-4919-aa69-33b40e4c7e4c,35905,3,625,28-08-2025
U0049,ae2d47f4-f579-497e-8246-bc72f4dad2ae,55787,2,1501,07-02-2025
U0049,dd6d941b-a875-484a-acb3-315d1e8c6f4e,16166,2,2306,27-01-2025
U0049,06161f0f-de09-4d54-9001-5b3977b9dc3b,27762,1,465,26-02-2025
U0049,ca790f8d-7bd5-4acf-a2c9-3a9fed0f85bd,52026,3,2276,13-02-2025
U0049,274da529-89e6-4ff5-8de3-49bfea9c8cc6,11676,2,1359,22-03-2025
U0049,296a8557-fdae-460d-a957-fc1723983942,30325,1,2276,11-10-2025
U0050,db420459-a49b-4ba9-8b93-80affd0289de,48168,3,1282,02-06-2025
U0050,d5e7a3c2-36dc-43d5-847c-5ff3d3bc9ba2,25302,1,1086,29-04-2025
U0051,46259abd-457b-44aa-9903-2c0875e799ad,21710,2,1739,16-04-2025
U0051,83db6d54-935b-443b-b801-a6b0c5c80272,29249,2,1378,03-12-2024
U0051,9a8ca863-855a-4a22-a6ac-a5a069a9c59a,52682,2,1735,18-05-2025
U0052,572ba00b-96ec-47d7-ba43-99e59b31f029,4270,1,2653,18-11-2025
U0052,9130297e-49a1-413d-8baf-f9d84107f516,9966,3,1151,19-07-2025
U0052,f54f3ecc-b353-4e77-add9-799dc8a796be,37516,1,2351,20-01-2025
U0053,e9ab1303-5b01-4d32-a70e-d7bc7e3ba744,35641,1,1507,23-11-2025
U0053,02605dfd-16ca-4e63-bf80-17116fdef6c3,5909,1,1808,07-12-2024
U0053,73a7546d-50c7-4550-95fc-66d26a34bce0,19482,2,1570,11-05-2025
U0053,6057a1c2-c85e-4470-8d8f-ca136b19fd9b,24155,1,1587,18-07-2025
U0053,7950648e-a060-4ebf-b9cf-fb8e084e0860,48143,3,1173,01-06-2025
U0053,98b69cc7-d5f4-4d41-a3bd-048a18421266,18756,1,2468,08-09-2025
U0053,d9e2bdd3-bb14-4705-8d02-cee6c29137fc,35434,1,989,08-04-2025
U0053,cf47f9e4-7493-479c-baaf-6ded5af64641,46045,1,1430,15-09-2025
U0053,ed5953cd-84f6-4c14-a963-387964bac713,50294,1,323,02-02-2025
U0053,81ba87b8-469a-4ec4-985f-52d54b539001,8891,1,1574,16-04-2025
U0054,26f51a8a-0dc3-417a-ae5c-dac7ff92ef6e,9709,2,1459,16-09-2025
U0054,21e8ee34-ca0e-43ad-9414-2d956e0fc118,3410,1,1862,06-12-2024
U0054,c317f031-b9f3-4ac6-baaf-aaebf35a08e4,5158,2,1230,07-02-2025
U0055,8564a5dc-b7da-4b63-8444-d61d3834d833,46965,1,1004,16-09-2025
U0055,47a594d5-d224-4a0b-a07e-f2ab5a674168,3900,1,1348,21-12-2024
U0055,4d9c2efa-4198-47f0-b165-c13c6a52943e,9697,1,2500,31-05-2025
U0055,58c1c10b-6109-45b5-8fa4-10930bb234ff,23258,3,671,07-01-2025
U0055,8180c31f-3430-4c93-955d-7529a7a903c0,34599,2,1639,28-03-2025
U0055,6ce6ac7b-7273-454e-8697-45ea8d4755fa,45353,2,1866,22-10-2025
U0055,5f3b1133-77f1-48ca-a8e6-42adf2924810,42948,1,360,25-06-2025
U0055,85b75e8a-0f74-4f47-b489-7724289425e8,52924,2,2194,05-08-2025
U0056,95de26a2-a6e3-4c86-b6ac-0d94de39bcfb,23976,2,2366,26-04-2025
U0056,4ee4c8f5-2a1d-4273-80dc-a18e40956ac7,6264,3,2225,07-08-2025
U0056,d5da4e04-a534-4605-a861-9597141e5016,3566,2,1243,30-06-2025
U0057,b5f411f6-a9c7-46b8-a2bd-eee4335ca3e1,43124,1,845,04-11-2025
U0057,c243f840-cd1b-4464-9d9d-b67073365c57,21121,1,2014,23-11-2025
U0057,a2eddd8f-cb29-4068-b440-0357e5424acb,45748,3,899,06-08-2025
U0057,fe9c1818-4260-4a12-b56a-187300eaacd9,14847,1,1053,24-04-2025
U0057,3493fecb-7cdd-45a9-a62f-a67e29f9d7fe,14076,2,961,22-06-2025
U0058,344df995-eac6-462e-9a89-2b151adb5103,56295,3,938,28-01-2025
U0058,b10599c7-5e11-470f-9489-951851dc3e0d,37135,3,2496,16-09-2025
U0059,0dc55990-442c-4e67-8db0-1fdf221bcfc7,6891,2,1428,16-06-2025
U0059,a68e2982-680a-40d7-bf94-b09826eda8c5,10706,1,1004,13-05-2025
U0059,c4e2db47-4da0-48c3-a9af-e6b7f5373f1b,48449,3,1243,04-02-2025
U0059,cbac4962-a2dd-427b-b45d-eb65abce4456,8704,2,1066,16-10-2025
U0059,e7582ef5-7582-44e8-b6f3-d0851a267723,44859,1,1222,28-07-2025
U0059,768f6f8e-fbef-4433-97eb-8008b87c7bb4,7079,1,777,04-08-2025
U0059,cf718f2d-7387-45b7-86ec-4d23999e9179,44057,2,570,12-04-2025
U0060,f8daf078-91c5-4ce2-9762-3b2442292b7e,6391,3,2786,20-12-2024
U0060,2379ebec-7302-4f76-bc88-83c8e05465a1,3286,3,1258,27-04-2025
U0060,367c05ab-9bbb-43bf-a6b9-78d3b054849f,42890,2,992,02-10-2025
U0060,224c7160-2788-48ee-9037-cecac0dcee00,15714,3,2962,03-05-2025
U0060,352867c5-943e-4ddd-b47d-61667f8883ff,11805,1,1942,29-03-2025
U0060,71ffa1ef-1b9c-4ac4-a770-ca083c5fab4f,44662,1,1919,03-04-2025
U0060,82375f1f-14a0-4e5f-874d-15e3827393a9,59178,3,2680,29-05-2025
U0060,1c55e1e8-6be9-4c39-a5b9-edbd33c3b024,29067,2,1700,19-11-2025
U0060,ef733bc3-769a-415f-b83f-3719649ea73e,28417,2,977,25-09-2025
U0061,84819da6-ea59-4b4c-a9bc-57d0f9414c1f,36615,3,2580,12-12-2024
U0061,74f0722b-a638-46a1-a86c-067e2fe85dc6,7355,1,1159,07-11-2025
U0061,09dcd6ca-8090-4f20-8f73-bac8fdbe23c5,29415,1,1005,04-02-2025
U0061,c5ec79c9-55a1-4b4f-b95a-ecb6ba655aec,47669,1,688,11-08-2025
U0061,7e22c996-31fa-46e9-9dee-06d1881210e2,35053,1,1836,27-01-2025
U0061,a1901547-7c86-4e7b-bf48-a13c3b1b31ec,26801,2,1533,26-02-2025
U0061,04c54752-221f-4a25-a743-1eca70e8a192,30898,2,1671,05-05-2025
U0061,fbc87c11-f762-4630-a489-59a0ac165074,57145,2,2099,04-03-2025
U0061,88e23ed9-ffc0-4f22-8dc6-a4f2403eb1dd,6726,2,2271,13-10-2025
U0061,dba841ca-1bb3-460d-82fc-448f06d5d390,3135,2,3233,23-10-2025
U0062,62b76f23-add7-41db-913e-16e12174a3f6,57440,2,975,18-01-2025
U0062,9b9a40b7-20f5-4240-80d8-803ed0763385,16537,3,905,18-03-2025
U0062,1413f817-dd9a-47c6-b10b-2525acb94ac4,55409,3,1586,26-12-2024
U0062,3a2db201-ac77-46c3-8f05-5adaf73a5ac1,20016,2,2166,06-01-2025
U0062,a2410338-e602-4241-98c7-2827d8d5b7fa,39551,1,1069,02-11-2025
U0062,55876bc1-5c65-4450-8f56-4801164172e4,52313,1,1168,24-07-2025
U0062,db84f897-8ce6-43ae-914d-e1d764afa283,14967,3,885,12-03-2025
U0062,afe07eae-6fee-4efa-8491-b3a3ee525905,51459,2,1537,08-12-2024
U0062,90061685-907f-4be4-9c27-40fa8be6ad4e,27502,3,960,14-03-2025
U0063,a8424790-0ea5-4545-ae42-7fa879e9a79a,11892,2,1266,06-12-2024
U0063,674e024b-0550-4934-9a3c-e87c4210b141,56916,3,3024,02-12-2024
U0063,7ad54cd8-001a-4af0-a0ec-728be8c8c3bb,2400,3,2405,15-11-2025
U0063,01936d64-c6f2-4401-98e3-3a61157f0212,17433,3,1088,18-10-2025
U0063,4d7e2094-7ef8-43ee-9979-7bc0ad6c5c4a,44512,1,3053,21-08-2025
U0063,b62ed96a-9c63-47f1-82ad-853211498603,44091,3,1539,14-10-2025
U0063,d7158fff-6a77-4d80-9b02-854a3dd2b4e6,36349,2,1750,03-10-2025
U0064,8588c348-ee12-433f-8fca-bd43c98eb796,28593,3,590,18-06-2025
U0064,5ba1d915-2483-42ea-90bf-a4e4dddc5234,46739,2,1233,09-08-2025
U0064,906f4b31-0111-48ab-8c37-3e9143e402ce,20960,1,1428,08-06-2025
U0064,72450178-4dd1-4994-9660-fa0806f6646f,57608,2,688,21-08-2025
U0065,c0912337-c03a-4e37-b634-557c36496edd,23964,1,906,14-08-2025
U0065,397312c2-ff78-4dec-a60a-e38a23ba0130,12537,1,974,25-10-2025
U0065,b7758101-6a4d-4e0d-bdfd-6b07165a5161,57078,1,1248,19-09-2025
U0065,4d066952-c5e2-4f05-9537-2fe0187b86c0,39662,3,1550,08-06-2025
U0065,8147b424-b296-4172-92ce-d36b15c399bb,25121,2,1165,16-04-2025
U0065,7b325c9c-9e61-4a65-940b-a11774fb2180,48616,3,763,22-10-2025
U0065,03619039-e2d2-4b52-9016-05580238f12d,31238,3,2238,20-01-2025
U0065,732292e1-5e96-4e49-9b39-fc0fcbfa5fa2,7192,3,1729,31-03-2025
U0065,79961f41-a718-4819-86df-cbb5070b9886,19379,1,857,10-08-2025
U0066,a183cca8-b05d-493b-992a-a458a91ebd69,43435,3,2003,02-10-2025
U0066,5444d961-9432-4bb8-b957-fafccc7bede0,6155,2,910,03-07-2025
U0066,49f1cf42-d98e-4177-b4e3-8ceb7c1efe64,17383,3,632,29-09-2025
U0066,778633bf-8f0b-4312-9545-490ba23885db,6692,2,1256,27-08-2025
U0066,b1a2a6e5-14b2-4119-9579-2f6fae7193d5,51936,1,1662,04-03-2025
U0066,3e1a6a05-2ea1-4040-abe6-78568d2d1ae9,39844,3,2197,20-06-2025
U0067,0e247ddb-c8cc-4a1f-abff-02601ef3f668,18653,2,1698,12-12-2024
U0067,f7162896-954b-4aad-af97-c99fb478e1c9,30263,1,3127,25-11-2025
U0067,9f0d0575-599a-42cc-8561-e5f21dca842b,6396,2,2870,21-11-2025
U0068,0351c9ac-76ea-4423-ab3a-a75f54127496,59097,1,1758,27-05-2025
U0068,3709256c-0e1d-4e6b-9541-085662ffa44b,43914,3,1434,28-01-2025
U0069,1d5ea2a1-cc5c-49d8-bf3c-186b109f60a5,10334,2,991,29-01-2025
U0069,41f58338-55db-489c-b735-1c53a47615c4,31204,2,1255,04-11-2025
U0069,bf9d9a9d-eaa6-4397-a718-f742d124f31e,21890,1,2154,07-06-2025
U0069,aaf124e7-c6f9-4a3b-a03a-1ddbde3cc3fb,30750,1,2022,01-01-2025
U0069,e63d7c6b-3091-4ada-b2c9-d013e3007da7,44626,3,2338,30-12-2024
U0069,e2d77aac-aa3b-4fa8-a230-54b0891dbef6,42110,2,1652,25-01-2025
U0069,4ca3989c-1f33-4703-9e69-9b6175cbc6a3,34348,1,1061,29-05-2025
U0070,b2b9bede-3594-43c1-b309-2a4d43dcb29d,44251,1,1853,23-09-2025
U0070,aaee1e3e-edc8-46bc-b80f-1435ad9ba72d,46581,3,1731,06-08-2025
U0070,0df1eb44-8898-4aac-a258-b52775a8a061,23270,3,640,20-05-2025
U0070,111e08eb-d8d9-45e6-8bac-2b32778a20fd,1534,1,1739,18-07-2025
U0070,cd2594cf-b71f-4457-b743-511d3486a2cf,8388,3,1620,11-06-2025
U0070,420fc985-b9a9-4592-9376-de86502319e3,32646,3,2154,07-03-2025
U0071,e82e2293-b5c2-492f-880f-e8f31026100d,13289,2,2360,29-05-2025
U0071,b282a49d-ebfc-4001-bb01-6076adacf96e,59634,2,1889,25-04-2025
U0071,47878663-c01e-4960-ba4e-72270ac5e387,57787,2,993,06-05-2025
U0072,b1fa60cd-b634-49d9-824a-c00e801975b6,12026,1,1829,07-04-2025
U0072,5fb7555e-94f9-4ca5-a199-61f9728c2f4e,6352,1,3259,18-04-2025
U0072,76981512-54b5-4d60-a06d-8e8901e89e6b,53773,2,978,16-12-2024
U0073,319df341-78c3-4c37-ad95-c24d1e3b6e5a,17125,1,599,05-03-2025
U0073,f8643b1c-627b-45ce-bf43-7329c9a2a336,14758,3,2037,13-01-2025
U0073,ab5ced36-65fb-479d-b3a9-232c7260cffa,53671,3,748,02-11-2025
U0074,70ee0eb6-d8b9-417e-867b-7d9ba62ce109,42849,1,1400,23-04-2025
U0074,2d6ac872-fc4c-4671-a0c4-bd2572f5ce24,18536,3,2778,15-05-2025
U0074,4f70e1ca-c76a-4e38-822b-c23fd6cc35f3,14111,3,1277,13-07-2025
U0075,bab15b8e-565d-478c-b6fd-ec6c9373e5b5,25047,3,455,26-09-2025
U0075,183a0006-f32d-436f-b309-9fb71fa5049d,45825,1,2508,08-08-2025
U0075,934e1815-a9e4-497c-a60a-4c2ddcc65753,48189,2,1995,29-08-2025
U0075,ebbe6875-9628-41b1-b1e5-5901bac01c24,39504,3,1072,06-01-2025
U0075,00e73d07-8305-4e8c-ba0b-4d94bb71e90e,19962,1,2314,23-04-2025
U0075,064ffc6a-b0c6-4a48-8d90-e7b51f54a935,6903,2,1908,02-04-2025
U0076,a8c4c9ee-1e3f-45a1-8dc1-77c6737bb9cc,8898,3,1347,22-06-2025
U0076,357fabbd-e649-4f85-9a63-46a781d194b9,33920,1,888,06-02-2025
U0076,7dfd7c31-4b90-45e9-94ff-8462ed224d1d,53656,3,1811,19-11-2025
U0076,2c191c32-4c5a-4cb8-ab2f-9ea8336ff465,42510,3,1766,22-02-2025
U0076,931180f2-dce3-4c93-add9-60f49bf8a4c3,43866,3,935,20-07-2025
U0077,ef2c0f40-68cb-42a4-8abd-7e1b014414e6,47519,1,1498,31-10-2025
U0077,b9a88db1-1c97-4403-b64d-a592785c60f6,4515,2,2539,18-10-2025
U0078,3830edd7-2cfb-4f4c-b9da-edf425c35cf0,11626,3,1683,28-09-2025
U0078,75e8131d-9438-46d2-8c77-2d068fd70d78,21737,1,1542,08-02-2025
U0078,56b495cc-52ff-4104-865f-48532fefb62e,49904,1,1632,07-03-2025
U0078,fee415d4-676f-4e73-bfc4-fe13e4b840ef,47531,2,1906,16-03-2025
U0078,243603c1-e16e-47bb-86b5-8568805eb87c,39190,1,2028,27-05-2025
U0078,5a73d2ac-8982-439b-a3df-fb7422588932,11082,3,1116,20-03-2025
U0079,0430f8c0-a6ff-401d-ac79-5e2ad3c57a83,25381,3,1708,15-11-2025
U0079,070d8e63-cf64-4d52-9783-3096d02553ec,12755,3,2445,18-11-2025
U0079,3ba7d317-3d47-4782-b788-e0dbde0b3728,5043,1,3394,08-07-2025
U0079,39efaa4d-0017-4627-b972-2e15ffb6326d,56178,2,1700,01-10-2025
U0079,3e88efa5-a819-461b-a7a0-a6cf8ad9a91c,40402,1,872,11-07-2025
U0079,4226ed01-4f1d-4973-81d7-475e6121c62d,53365,2,1759,14-12-2024
U0079,e45bfc42-2edb-452a-b57e-41ea4dfadc43,22191,2,1775,03-02-2025
U0080,87ec86b0-76ff-4cd7-938f-f7559ed366ff,46309,1,454,24-11-2025
U0080,ab4fc44b-dc96-43ab-8f5d-620d405ed6f7,8819,1,2437,18-11-2025
U0080,b48bce36-ab88-4a31-8fc3-75a1ec7fa860,39961,1,2442,11-05-2025
U0080,4c128e2c-7eb9-4d4b-96fe-927493f137ff,59813,2,1050,15-09-2025
U0080,33e178d5-bd72-4c7f-bfa2-05165f9627e6,42620,2,477,06-05-2025
U0080,896741b8-d305-4066-860d-4298ccb7d300,34310,3,1864,22-02-2025
U0080,4efeb28b-bb86-45b4-8326-061fec930675,2827,2,1206,04-05-2025
U0080,01e42f65-ec28-46ba-94d3-2f522e4e27ba,5801,3,1309,23-12-2024
U0080,d2cc4833-ca76-4bef-89da-41259aa2e8fd,21919,2,1478,22-11-2025
U0081,f66ac0e7-d133-4f3e-a04a-a5608942e525,22885,3,3068,19-03-2025
U0081,73784c62-ccf3-423a-94ba-260829586b1e,51900,3,1988,16-05-2025
U0082,5eb9cca0-8135-4f0b-9896-c2ef80205ecf,9065,2,810,23-11-2025
U0082,7a85b54d-6146-4ee5-b057-fba4f69fbbe5,44123,1,543,17-08-2025
U0083,3b34e934-604a-4cb8-a40c-291228e038c5,16087,1,1075,01-11-2025
U0083,773fa6fd-6c7d-4002-9872-65ecdee9ec79,41799,1,2017,03-07-2025
U0083,6d288758-d71e-470e-b099-26bb7792cab2,40980,2,1274,12-01-2025
U0084,f9eaf7f0-fa33-4449-822b-4b8100ee2e81,55407,3,808,31-10-2025
U0084,b3e42350-07e0-4ad9-af93-f825f5e3532f,18952,3,1110,20-02-2025
U0085,8f440f72-7880-40f3-9adc-ba70c4df823f,4717,2,1151,07-10-2025
U0085,6ddce85b-2c21-4e91-898e-7f3ab6602cd2,3889,2,2030,09-04-2025
U0085,409ac2c5-1fb3-499a-8301-08202dad3266,6133,1,2794,23-10-2025
U0085,b0539ece-0d88-45a8-b95e-d48d5c896b02,18888,1,1112,19-03-2025
U0085,fb52a408-cb3b-4936-af9d-d2f231f688bf,30761,1,2039,18-02-2025
U0085,c707e2b2-28ad-4364-8364-559823c33d19,44894,3,1866,20-02-2025
U0085,8494fdec-1aa2-4286-9664-0283a54a1e38,49866,2,446,05-10-2025
U0085,26e29771-d438-4ab0-a062-827db75ed1b5,41398,2,1834,06-02-2025
U0085,361c6a33-cca5-4bb1-8b71-52682bd6d66d,12158,3,2264,19-01-2025
U0085,99f7d41e-b20a-4dde-8278-edee8c42eefb,24358,2,1750,25-09-2025
U0086,82ce29e9-c570-4503-8b5f-e22c239dfa1d,17118,3,1678,16-04-2025
U0086,f2efa931-36d2-4ace-ae7c-191ff9dfe9a6,15415,1,3147,07-12-2024
U0086,e967ce80-d6cf-4e9a-836e-6a5faee873e4,17018,1,2564,15-05-2025
U0086,86589f58-144e-4a36-a581-c2f1610da692,45129,2,589,17-02-2025
U0086,72bf98b8-d0ec-499b-9cff-cbb3884c060d,8480,3,1845,07-03-2025
U0086,bc433c4b-9582-4860-aba9-f6d0e6354237,8110,1,581,21-05-2025
U0086,ac7f2c70-b62a-417e-b1b0-dfe165250185,8417,2,2326,12-10-2025
U0087,c0505e17-eb2e-49e4-bf80-10c7fffb5019,4272,2,2073,18-10-2025
U0087,779c24d8-145a-4f4b-8738-bd966a7a3a1c,3667,2,2409,18-04-2025
U0087,93b65509-963f-449f-85b6-75be2a4a02d2,20555,3,1423,29-05-2025
U0088,d33a2d43-fd0e-4f37-a753-f3122ecc9d03,8670,2,1072,01-04-2025
U0088,66399c35-0622-49b4-92b9-8bba566258bd,58669,2,1423,18-11-2025
U0088,dad69af2-626a-4b10-9aa5-369bfffaac69,7390,3,3430,01-11-2025
U0088,ef043f0e-b0a5-4de8-ae66-8859dc6a15a5,59508,1,593,19-07-2025
U0088,dac4b85c-069f-413f-b62a-ee9d330e2999,42890,3,992,23-07-2025
U0088,ba60a318-7e76-455f-9c0d-20d3d3ee2e8f,42175,1,2267,06-09-2025
U0088,cfae7852-e91f-4712-972d-cba9858a897a,51523,2,1790,21-10-2025
U0088,5e77aeda-0a37-4f89-b1dd-bde974975a68,54987,3,1676,05-09-2025
U0089,4fd24720-0411-47ba-ac4b-17b57d0c4f2f,18299,1,2433,05-11-2025
U0089,447855f7-b1fb-4879-9c55-f78a6eb97cdd,22656,3,843,30-08-2025
U0089,dd0820bf-650d-4233-9b96-5cfa339254ff,33558,3,1654,30-05-2025
U0090,b00f74ed-c62a-4d5e-8521-bed38901c2e6,17740,3,1512,27-12-2024
U0090,dbbbeca7-f2e0-470a-b661-367d73130727,48568,3,710,28-09-2025
U0090,fa39195a-af86-4600-9043-0aff4e3af85e,4444,1,2402,22-04-2025
U0090,31998db2-12a3-4118-a048-31280dfdda27,35881,3,1402,03-08-2025
U0090,4a2d0feb-aca7-4cdd-98bd-85ac29826478,33435,1,1480,16-03-2025
U0091,7b03b241-f701-4095-9d31-6df1af3797cd,49577,1,2153,09-12-2024
U0091,2b88544b-32be-4460-9a6b-828becff0b28,46251,2,2366,30-04-2025
U0092,c1af1c1f-520e-45a7-af7d-e0f980038062,46467,2,713,09-09-2025
U0092,1d8899a6-c879-4714-ae78-c62cbe8acf76,21449,2,1864,07-11-2025
U0092,0813e084-a1c2-4ca9-b405-adb7c3ac3207,3641,1,2900,27-03-2025
U0093,cc14e763-ba8d-4048-ae6b-5003db8b8e8f,34282,3,1978,20-11-2025
U0093,8c54f84e-c440-46a2-9c07-2dd6deadb02f,26967,3,1086,18-06-2025
U0093,11e53991-cca3-46fc-aa97-5996ee8bf222,34853,1,2910,29-07-2025
U0093,a1f49964-3815-479e-8747-58db995aefba,3554,3,1291,04-09-2025
U0094,7a0fa34f-858e-432e-82f5-c2d503473c39,1614,2,1821,27-01-2025
U0094,eaba88d1-fa18-4afe-b794-ae02395a78b5,2314,3,1171,15-01-2025
U0094,ed7e2466-b15a-46a5-ac90-66386e75bfe6,44073,1,778,04-04-2025
U0094,bc758bd6-8804-452f-af1c-8239a4f86a0d,46495,3,449,07-01-2025
U0095,26e84ca2-5cd8-4b35-a1e6-2d34b3f52c05,33406,3,773,05-10-2025
U0095,406d2274-2726-46b7-a8fc-d26b73b39887,36323,3,1681,14-01-2025
U0095,b0c6a18d-9dee-4ffd-b0ba-f1918561feee,59515,3,832,14-07-2025
U0095,97d30ac6-3aee-431f-8d24-4e2b293589a7,9466,3,2114,05-07-2025
U0095,6080374e-5292-4b13-a0a1-d2837c1e265e,3964,1,2233,27-05-2025
U0095,095f2fac-be48-4d79-b172-863f20a85ab8,7297,1,859,19-05-2025
U0095,3ff8c89d-1a2f-4e76-b008-f4d4befe21e7,51940,3,1980,13-01-2025
U0096,10d91f1a-92f3-407e-90b7-00de07b0c1dd,5290,1,3062,01-10-2025
U0096,9709cbc4-2a50-4560-be9a-7a446e78f66e,50456,3,1221,29-04-2025
U0096,5e2b97ad-6f7b-431f-9cbf-f977833c92a6,3537,3,1322,26-05-2025
U0097,8b672002-e653-4adb-8bb7-fd753a265898,44257,3,1551,28-08-2025
U0097,82d32633-2746-4bc3-ab92-4e180150010f,52547,2,2293,09-03-2025
U0097,d15d7d5d-2e34-4fbd-b329-bbd3ef858060,35901,2,1675,09-08-2025
U0097,59d76c80-a3c4-41f3-a568-8ef43907dc16,10427,2,1176,16-01-2025
U0097,1112a284-b8d4-40f2-9ce1-9eed6219b8ce,22461,2,2106,04-04-2025
U0097,0fd9e2c0-3f58-4cd9-9241-a1267952df77,39667,1,2773,10-07-2025
U0097,ee495e72-875c-4910-bfe8-5a5a4e8a4d10,53669,3,763,02-10-2025
U0097,247b2aae-fe06-49d8-bf4e-2385766e631c,13677,3,2152,10-06-2025
U0098,dc24ce43-7468-458f-9a73-1c444d52eea5,41735,2,1508,13-09-2025
U0098,fe8926b9-a50a-46f6-80d8-1e657d779b56,56195,1,993,04-05-2025
U0098,273504c9-e18e-456b-a9c5-01e676fa702f,13304,3,1772,01-04-2025
U0098,00ad52b5-c951-4bb1-a384-98f8b048dcf7,17089,3,1503,27-08-2025
U0099,bb01fce4-8ae5-4a17-ae16-049eb1638b41,12479,1,1692,11-07-2025
U0099,cebf7df8-19c2-4f3c-95d9-9354a581cf40,14903,3,942,22-08-2025
U0099,992c4b31-d3be-4569-81a9-15fd76048d9c,4569,1,1522,04-03-2025
U0099,33426673-2785-43bd-b42e-fba0d7f00272,24548,3,997,06-02-2025
U0099,f5319130-5c4d-4b70-a90a-7838495b357d,27321,2,1398,03-12-2024
U0099,107ddf45-664f-4555-87c7-3bc50f29face,10012,3,1184,04-03-2025
U0099,a5901ac4-3c96-49f1-9798-6683705f9351,16645,2,1467,04-12-2024
U0099,deb2cc2a-500e-462d-8a80-4df591d7b20d,23757,1,730,03-12-2024
U0099,4651b05a-1c85-4719-8bfb-fd0bc4c9e4de,37266,3,1496,03-12-2024
U0099,3e6250a1-71e9-4c43-834b-b4669efb23a7,4908,3,2034,14-12-2024
U0100,0071b35d-8691-422d-8db1-8c9dd7b8a65c,12326,2,1348,03-08-2025
U0100,6da045d3-5304-4c14-b0f6-62d72c2f5a72,39236,3,890,12-06-2025
U0100,a2d91b14-66cc-4245-a858-d57d7ed57d56,8672,2,631,08-10-2025
U0100,11c43adc-7013-42b6-b54a-6415a6539289,4417,3,2111,18-07-2025
